{
  "model/models.js": 1615699905491,
  "controller/ArcObj_detail.controller.js": 1616004782298,
  "i18n/i18n.properties": 1615699905491,
  "controller/View1.controller.js": 1616007340774,
  "manifest.json": 1616183167704,
  "Component.js": 1615699905487,
  "manifest-bundle.zip": 1616183167723,
  "Component-preload.js": 1616183168096,
  "model/models-dbg.js": 1615699905491,
  "controller/View1-dbg.controller.js": 1616007340774,
  "controller/ArcObj_detail-dbg.controller.js": 1616004782298,
  "Component-dbg.js": 1615699905487,
  "view/View1.view.xml": 1616007192270,
  "view/ArchTables.view.xml": 1616006960078,
  "view/ArchObj.view.xml": 1616005765706,
  "view/ArcObj_detail.view.xml": 1616000421272,
  "css/style.css": 1615720183482,
  "index.html": 1615699905491
}